{"_runtime":18972.235896781,"epoch":50,"train_mIoU_fg":15.55381568512949,"val_mIoU":13.97385469326087,"_timestamp":1.7464864959475737e+09,"_step":49,"val_mIoU_fg":10.51196024870793,"val_loss":0.40904327617824404,"train_mIoU":18.81025412133766,"train_loss":0.3487285338952893,"val_best_mIoU":13.97385469326087,"_wandb":{"runtime":18972}}