{"val_loss":0.5315140600197882,"_wandb":{"runtime":950},"train_mIoU_fg":1.584472416053822,"train_mIoU":5.242269629080988,"train_loss":0.5319166038531423,"val_mIoU_fg":1.549160481942868,"val_best_mIoU":5.209680715024145,"epoch":2,"_step":1,"time":371,"_runtime":732.411941753,"val_mIoU":5.209680715024145,"_timestamp":1.746465573655073e+09}